,0
0,SUZLON
1,IDEA
2,SUPRIYA
3,TTML
4,JPPOWER
5,HCLTECH
6,YESBANK
7,MAPMYINDIA
8,DATAPATTNS
9,RTNPOWER
10,ECLERX
11,HPAL
12,HINDUNILVR
13,INFY
14,ICICIBANK
15,RELIANCE
16,INDUSINDBK
17,TCS
18,SIGACHI
19,GREENPOWER
20,WIPRO
21,TRIDENT
22,POONAWALLA
23,HDFCBANK
24,PVR
25,DMART
26,TATAPOWER
27,NIITLTD
28,ZEEL
29,HCC
30,POWERGRID
31,TECHM
32,ZENSARTECH
33,LAURUSLABS
34,LATENTVIEW
35,KOTAKBANK
36,RBLBANK
37,SUNPHARMA
38,TATAMOTORS
39,TATASTEEL
40,TITAN
41,HDFCLIFE
42,BPCL
43,TEAMLEASE
44,RAIN
45,GTLINFRA
46,MTNL
47,GMRINFRA
48,IRCTC
49,IBULHSGFIN
50,FCSSOFT
51,SBIN
52,SAIL
53,AMIORG
54,KPITTECH
55,BCG
56,NURECA
57,BALKRISIND
58,HDFC
59,GLENMARK
60,TATAELXSI
61,BAJAJFINSV
62,BALRAMCHIN
63,CIPLA
64,SBICARD
65,HINDPETRO
66,BAJFINANCE
67,NATIONALUM
68,ASIANPAINT
69,RADICO
70,LXCHEM
71,BEL
72,IBREALEST
73,CUB
74,BHEL
75,ITC
76,VEDL
77,VOLTAS
78,ZOMATO
79,BOMDYEING
80,IDFC
81,APOLLOHOSP
82,TATACONSUM
83,ADANIENT
84,ESCORTS
85,ADANIPOWER
86,INVENTURE
87,SASTASUNDR
88,CANBK
89,PNB
90,LT
91,BANKBARODA
92,IEX
93,ADANIPORTS
94,RCOM
95,HINDCOPPER
96,PAYTM
97,AMARAJABAT
98,GRASIM
99,PEL
100,MEDPLUS
101,HFCL
102,BHARTIARTL
103,HAPPSTMNDS
104,KBCGLOBAL
105,NYKAA
106,MARUTI
107,IGL
108,MINDTREE
109,ASHOKLEY
110,GRAPHITE
111,DRREDDY
112,BAJAJ-AUTO
113,RPOWER
114,PATELENG
115,ULTRACEMCO
116,FSL
117,SRTRANSFIN
118,LUPIN
119,ABCAPITAL
120,KIMS
121,EXIDEIND
122,UNITECH
123,DLF
124,AUBANK
125,BORORENEW
126,INDIGO
127,JUBLFOOD
128,ONGC
129,ASTRAL
130,AUROPHARMA
131,BANDHANBNK
132,GOCOLORS
133,INDIAGLYCO
134,SINTEX
135,VAKRANGEE
136,L&TFH
137,M&M
138,RIIL
139,AXISBANK
140,BINDALAGRO
141,NMDC
142,ADSL
143,RATEGAIN
144,IRB
145,TORNTPHARM
146,WEBELSOLAR
147,RENUKA
148,GAIL
149,TANLA
150,PGEL
151,SITINET
152,IFCI
153,COALINDIA
154,UPL
155,CAMS
156,DIVISLAB
157,JSWSTEEL
158,ANGELONE
159,SHRIRAMPPS
160,IDFCFIRSTB
161,TEGA
162,KOPRAN
163,HEG
164,CARBORUNIV
165,BSOFT
166,PARAS
167,HCL-INSYS
168,SRF
169,SPARC
170,ABFRL
171,MAXHEALTH
172,MASTEK
173,METROPOLIS
174,STAR
175,HDFCAMC
176,INDIAMART
177,CLEAN
178,INTELLECT
179,CYBERTECH
180,IPCALAB
181,LICHSGFIN
182,BHARATRAS
183,JINDALSTEL
184,IOC
185,NTPC
186,NAUKRI
187,BASF
188,UNIONBANK
189,CEATLTD
190,TATVA
191,MCX
192,LODHA
193,LGBBROSLTD
194,BATAINDIA
195,CARTRADE
196,MPHASIS
197,INDIANB
198,JKCEMENT
199,63MOONS
200,BAJAJHIND
201,EICHERMOT
202,TATACHEM
203,GRANULES
204,APTECHT
205,GNFC
206,DABUR
207,RAJESHEXPO
208,DIXON
209,HEROMOTOCO
210,PRAJIND
211,TCI
212,TATACOMM
213,MINDAIND
214,VENUSREM
215,LTTS
216,AVADHSUGAR
217,SJVN
218,FORTIS
219,JUBLINDS
220,KNRCON
221,HINDALCO
222,JPASSOCIAT
223,TARSONS
224,NBCC
225,CYIENT
226,NAVINFLUOR
227,INDHOTEL
228,BCP
229,AFFLE
230,ALKEM
231,JPINFRATEC
232,LTI
233,CADILAHC
234,ABB
235,SJS
236,IDBI
237,SHRIRAMEPC
238,BEML
239,VTL
240,PHILIPCARB
241,WELCORP
242,MUTHOOTFIN
243,STARHEALTH
244,DEVYANI
245,GATI
246,FEDERALBNK
247,MOTHERSUMI
248,METROBRAND
249,SHIVAMILLS
250,RNAVAL
251,IIFL
252,HAVELLS
253,SBILIFE
254,SIEMENS
255,WOCKPHARMA
256,MANINFRA
257,MINDACORP
258,RESPONIND
259,M&MFIN
260,ABBOTINDIA
261,CCL
262,PILITA
263,PRAKASHSTL
264,EKC
265,COFORGE
266,WELSPUNIND
267,GLOBUSSPR
268,ICICIGI
269,KRSNAA
270,MAZDOCK
271,SONACOMS
272,SOBHA
273,NUCLEUS
274,FCL
275,NEOGEN
276,UBL
277,TATACOFFEE
278,DELTACORP
279,ANANDRATHI
280,SUNTECK
281,SPICEJET
282,GTL
283,TRIL
284,JUBLINGREA
285,BALAMINES
286,BIOCON
287,ELGIEQUIP
288,RECLTD
289,MONTECARLO
290,RELIGARE
291,NACLIND
292,MFSL
293,JISLJALEQS
294,LINDEINDIA
295,DATAMATICS
296,REDINGTON
297,TRIVENI
298,KPRMILL
299,SHYAMMETL
300,KABRAEXTRU
301,LAXMIMACH
302,VIKASLIFE
303,MGL
304,PIIND
305,SYNGENE
306,SPIC
307,ELECON
308,ARVIND
309,GODREJPROP
310,RTNINDIA
311,TV18BRDCST
312,MSPL
313,SUNTV
314,COMPUSOFT
315,NATCOPHARM
316,APOLLOTYRE
317,INDOWIND
318,IRFC
319,SMARTLINK
320,SHREECEM
321,VIKASWSP
322,CGPOWER
323,WHIRLPOOL
324,ENERGYDEV
325,FLUOROCHEM
326,LGBFORGE
327,DISHTV
328,ISMTLTD
329,BAJAJELEC
330,CENTURYTEX
331,INDUSTOWER
332,BARBEQUE
333,PERSISTENT
334,BERGEPAINT
335,NESTLEIND
336,PIDILITIND
337,JAGSNPHARM
338,ALLCARGO
339,SONATSOFTW
340,IOB
341,DAAWAT
342,COLPAL
343,TATAMTRDVR
344,NHPC
345,TVSMOTOR
346,JSL
347,GOODLUCK
348,MOREPENLAB
349,MRF
350,DWARKESH
351,INOXLEISUR
352,INDOTHAI
353,GOKEX
354,POKARNA
355,RAYMOND
356,NOCIL
357,BANKINDIA
358,INFIBEAM
359,GLAND
360,INDOSOLAR
361,ROUTE
362,PGHH
363,JINDALPOLY
364,JKPAPER
365,ANDHRSUGAR
366,POLICYBZR
367,RAMASTEEL
368,GODREJCP
369,SEQUENT
370,ISGEC
371,KILITCH
372,BRITANNIA
373,POLYCAB
374,DALBHARAT
375,SUNDARAM
376,ROLTA
377,LYKALABS
378,AARTIIND
379,STLTECH
380,NETWORK18
381,HSCL
382,DHAMPURSUG
383,DLINKINDIA
384,PROZONINTU
385,GABRIEL
386,ELECTHERM
387,VBL
388,PENIND
389,CHAMBLFERT
390,RVNL
391,KCPSUGIND
392,ANKITMETAL
393,POLYPLEX
394,VIKASECO
395,JSWISPL
396,MOIL
397,PRINCEPIPE
398,POWERINDIA
399,SWSOLAR
400,AURUM
401,ASHOKA
402,RELINFRA
403,BALMLAWRIE
404,CHOLAFIN
405,HAL
406,XCHANGING
407,LALPATHLAB
408,COFFEEDAY
409,GRAVITA
410,GREENPANEL
411,GREAVESCOT
412,HINDZINC
413,PRIVISCL
414,TIINDIA
415,STOVEKRAFT
416,STEELXIND
417,MANAKSIA
418,PFC
419,ICICIPRULI
420,CUMMINSIND
421,FRETAIL
422,GRINFRA
423,VISHWARAJ
424,BHARATFORG
425,GUFICBIO
426,TORNTPOWER
427,MOL
428,CHEMPLASTS
429,AMBUJACEM
430,CESC
431,ALKYLAMINE
432,IOLCP
433,BIL
434,PRAENG
435,THYROCARE
436,RGL
437,LEMONTREE
438,MANAPPURAM
439,HBLPOWER
440,HERITGFOOD
441,RKFORGE
442,IMFA
443,PRESTIGE
444,INOXWIND
445,JUSTDIAL
446,ROSSARI
447,JBMA
448,NLCINDIA
449,NCC
450,RCF
451,CANFINHOME
452,OFSS
453,TRENT
454,BURGERKING
455,BOSCHLTD
456,SOUTHBANK
457,MPSLTD
458,FINOPB
459,APLLTD
460,TEXINFRA
461,GMBREW
462,DEEPAKFERT
463,TIMKEN
464,QUESS
465,JKTYRE
466,ESABINDIA
467,MARICO
468,WINDLAS
469,OPTIEMUS
470,MIRZAINT
471,MMTC
472,NH
473,UJAAS
474,LAOPALA
475,UNIDT
476,ITI
477,APOLLO
478,BASML
479,TWL
480,ACE
481,PETRONET
482,OIL
483,JAMNAAUTO
484,PAGEIND
485,HUBTOWN
486,VIKASPROP
487,JYOTHYLAB
488,JUNIORBEES
489,ADANIGREEN
490,PUNJLLOYD
491,NUVOCO
492,EXPLEOSOL
493,GESHIP
494,ABSLAMC
495,CGCL
496,INDORAMA
497,BDL
498,TARC
499,OBEROIRLTY
500,EIDPARRY
501,SAPPHIRE
502,MOTILALOFS
503,ERIS
504,JTLINFRA
505,UFLEX
506,PITTIENG
507,WALCHANNAG
508,PTC
509,CONCOR
510,DCW
511,HONAUT
512,INDIACEM
513,BFUTILITIE
514,ASTERDM
515,CROMPTON
516,GLAXO
517,TRIGYN
518,PRAKASH
519,HTMEDIA
520,SUMICHEM
521,HATHWAY
522,AJRINFRA
523,OLECTRA
524,BLISSGVS
525,PARSVNATH
526,MANORG
527,ZENTEC
528,HUDCO
529,HGINFRA
530,SANOFI
531,ANURAS
532,NAM-INDIA
533,EDELWEISS
534,SDBL
535,MAHSCOOTER
536,EXCEL
537,MTARTECH
538,GENESYS
539,ENGINERSIN
540,MAHABANK
541,JAICORPLTD
542,ASAHIINDIA
543,DCBBANK
544,KRBL
545,ROLLT
546,MAYURUNIQ
547,HIKAL
548,ONMOBILE
549,PFIZER
550,KINGFA
551,CENTRALBK
552,HLEGLAS
553,AMRUTANJAN
554,RALLIS
555,MARKSANS
556,ACRYSIL
557,ACC
558,CAMLINFINE
559,GRINDWELL
560,TIRUMALCHM
561,TEJASNET
562,SCI
563,NIFTYBEES
564,SURANASOL
565,SUNDRMFAST
566,SADBHIN
567,VAIBHAVGBL
568,GSFC
569,TTKPRESTIG
570,GPIL
571,ANDREWYU
572,NXTDIGITAL
573,RAILTEL
574,SAKSOFT
575,BLUEDART
576,PRICOLLTD
577,DHANI
578,AJANTPHARM
579,KEI
580,SKIPPER
581,BGRENERGY
582,SPMLINFRA
583,TATAMETALI
584,APARINDS
585,MERCATOR
586,LUXIND
587,TVTODAY
588,USHAMART
589,CONFIPET
590,BOROLTD
591,PUNJABCHEM
592,BALLARPUR
593,DALMIASUG
594,COSMOFILMS
595,PTL
596,SARLAPOLY
597,WINDMACHIN
598,APLAPOLLO
599,ATUL
600,BRIGADE
601,IRCON
602,GENUSPOWER
603,HGS
604,BIRLACORPN
605,MANALIPETC
606,SCHAEFFLER
607,SHRIRAMCIT
608,BAJAJHCARE
609,DCAL
610,JINDWORLD
611,KARURVYSYA
612,TCIEXP
613,SUPRAJIT
614,AKSHOPTFBR
615,HEMIPROP
616,UTTAMSTL
617,SVPGLOB
618,SANSERA
619,SASKEN
620,KALPATPOWR
621,FILATEX
622,BEPL
623,CHEMCON
624,KALYANKJIL
625,RELCAPITAL
626,EVERESTIND
627,FCONSUMER
628,JUBLPHARMA
629,DBL
630,KIRIINDUS
631,JBCHEPHARM
632,SFL
633,EMAMILTD
634,GDL
635,GMDCLTD
636,J&KBANK
637,GANESHBE
638,MFL
639,PNCINFRA
640,KTKBANK
641,GOLDIAM
642,TCNSBRANDS
643,TRITURBINE
644,PASUPTAC
645,HIL
646,MEDICAMEQ
647,KELLTONTEC
648,NAVKARCORP
649,ADANITRANS
650,TEXMOPIPES
651,UTIAMC
652,TREJHARA
653,ELECTCAST
654,UJJIVAN
655,DEN
656,FIEMIND
657,POLYMED
658,MIRCELECTR
659,BURNPUR
660,SHARDACROP
661,APEX
662,VSSL
663,KEC
664,ORIENTCEM
665,SKMEGGPROD
666,UCOBANK
667,JMFINANCIL
668,SHALBY
669,EMBASSY
670,CALSOFT
671,AMBIKCO
672,PHOENIXLTD
673,KIRLFER
674,CENTUM
675,HINDOILEXP
676,ZEELEARN
677,JCHAC
678,ASALCBR
679,RUPA
680,TIMETECHNO
681,GALAXYSURF
682,NRBBEARING
683,CENTRUM
684,KOTAKBKETF
685,PCJEWELLER
686,ASTRAMICRO
687,BAGFILMS
688,AAVAS
689,GUJALKALI
690,SHANKARA
691,ISEC
692,INTENTECH
693,ICIL
694,PARAGMILK
695,SHIVALIK
696,ONWARDTEC
697,SUDARSCHEM
698,SHAKTIPUMP
699,SARDAEN
700,AROGRANITE
701,SOLARINDS
702,EASTSILK
703,NCLIND
704,VIMTALABS
705,ITDCEM
706,FINEORG
707,AURIONPRO
708,FINOLEXIND
709,DSSL
710,DYNPRO
711,VINATIORGA
712,UDAICEMENT
713,VIPIND
714,GAYAPROJ
715,WINPRO
716,BAJAJCON
717,TATAINVEST
718,RICOAUTO
719,BBTC
720,WABAG
721,SURYAROSNI
722,ATGL
723,GODREJIND
724,VRLLOG
725,VIPCLOTHNG
726,DIAMONDYD
727,AMDIND
728,JKLAKSHMI
729,SANGAMIND
730,SKFINDIA
731,INDIANCARD
732,LASA
733,DOLLAR
734,RBL
735,GILLETTE
736,KPIGLOBAL
737,ASTEC
738,FAIRCHEMOR
739,SNOWMAN
740,JINDALSAW
741,NECLIFE
742,CENTURYPLY
743,GICRE
744,NILASPACES
745,NAHARCAP
746,KKCL
747,HERANBA
748,ISFT
749,SOLARA
750,NITCO
751,TAKE
752,GRSE
753,KITEX
754,LOVABLE
755,DCMSHRIRAM
756,INSECTICID
757,REFEX
758,CREDITACC
759,COX&KINGS
760,JINDALPHOT
761,AMBICAAGAR
762,CENTENKA
763,MARALOVER
764,DBREALTY
765,SAREGAMA
766,NOVARTIND
767,KDDL
768,PRECWIRE
769,ARVSMART
770,NGIL
771,SADBHAV
772,SPENTEX
773,SCHNEIDER
774,MOLDTKPAC
775,MAXVIL
776,HITECHCORP
777,OMINFRAL
778,IPL
779,PVP
780,THEMISMED
781,VSTIND
782,UFO
783,CSBBANK
784,SHIL
785,REPCOHOME
786,RPGLIFE
787,ORIENTELEC
788,RUSHIL
789,VIVIMEDLAB
790,MURUDCERA
791,SREINFRA
792,SUNDARMFIN
793,NEWGEN
794,HESTERBIO
795,DHANUKA
796,MAHLIFE
797,VINEETLAB
798,KESORAMIND
799,IIFLWAM
800,SHREEPUSHK
801,NAVNETEDUL
802,AJMERA
803,LPDC
804,KOKUYOCMLN
805,GEOJITFSL
806,VINYLINDIA
807,BKMINDST
808,JMCPROJECT
809,GODFRYPHLP
810,BLKASHYAP
811,ANSALHSG
812,JKIL
813,KHAICHEM
814,PNBGILTS
815,SCAPDVR
816,21STCENMGM
817,3MINDIA
818,FACT
819,SURANAT&P
820,STARPAPER
821,DOLATALGO
822,UNIVPHOTO
823,INEOSSTYRO
824,BAYERCROP
825,AARVEEDEN
826,JBFIND
827,MENONBE
828,GTNINDS
829,SUNFLAG
830,SICAGEN
831,INGERRAND
832,AUTOAXLES
833,RAMKY
834,MTEDUCARE
835,DYNAMATECH
836,HNDFDS
837,MAWANASUG
838,SIYSIL
839,HATSUN
840,GTPL
841,NDTV
842,MATRIMONY
843,CPSEETF
844,ASIANENE
845,SAGCEM
846,SAKHTISUG
847,PATINTLOG
848,ZYDUSWELL
849,DREDGECORP
850,SAKUMA
851,MANGLMCEM
852,APCL
853,MASFIN
854,KAMDHENU
855,SIS
856,ESTER
857,IGARASHI
858,JAYNECOIND
859,TAJGVK
860,MANINDS
861,ASTRAZEN
862,CRAFTSMAN
863,PONNIERODE
864,HINDMOTORS
865,BANSWRAS
866,MALUPAPER
867,MADHUCON
868,BLS
869,PDSMFL
870,KENNAMET
871,MODISNME
872,NBVENTURES
873,HCG
874,SUBROS
875,SUNCLAYLTD
876,IMPAL
877,KERNEX
878,MMFL
879,FMGOETZE
880,GRPLTD
881,PANACHE
882,SURYALAXMI
883,TVSSRICHAK
884,NDL
885,GANECOS
886,DHARAMSI
887,ADFFOODS
888,WHEELS
889,PIONEEREMB
890,DCM
891,MBLINFRA
892,EIHOTEL
893,HMVL
894,NTL
895,SUPPETRO
896,SHK
897,TI
898,HEIDELBERG
899,SHREDIGCEM
900,RAMCOIND
901,INSPIRISYS
902,GFLLIMITED
903,SATIA
904,BHAGYAPROP
905,LICNETFSEN
906,SUPERSPIN
907,SHREYAS
908,BESTAGRO
909,JPOLYINVST
910,SMSPHARMA
911,POWERMECH
912,SWARAJENG
913,LAMBODHARA
914,BLBLIMITED
915,HITECHGEAR
916,PLASTIBLEN
917,SAMBHAAV
918,PRITIKAUTO
919,DHRUV
920,GNA
921,DCMNVL
922,RAMANEWS
923,GEPIL
924,ONELIFECAP
925,KSB
926,PARACABLES
927,NFL
928,SECURKLOUD
929,VASWANI
930,ATULAUTO
931,JAYAGROGN
932,FSC
933,AUSOMENT
934,SICAL
935,LUMAXIND
936,MEGASOFT
937,MCDHOLDING
938,MANGCHEFER
939,KANANIIND
940,BALAJITELE
941,VINDHYATEL
942,KHADIM
943,MAITHANALL
944,IL&FSTRANS
945,PSB
946,AIAENG
947,INDOSTAR
948,SANGHVIMOV
949,YAARI
950,SGIL
951,WSTCSTPAPR
952,SRIPIPES
953,GENCON
954,EMKAY
955,TERASOFT
956,RPPINFRA
957,IL&FSENGG
958,HOVS
959,KOVAI
960,CNOVAPETRO
961,SHAHALLOYS
962,TVSELECT
963,ASAL
964,JYOTISTRUC
965,TFCILTD
966,KECL
967,AHLUCONT
968,GOODYEAR
969,MUNJALAU
970,VETO
971,ORIENTALTL
972,NELCAST
973,SOMANYCERA
974,VISASTEEL
975,IFBAGRO
976,SWANENERGY
977,CONTROLPR
978,EPL
979,SGL
980,LIKHITHA
981,PPL
982,DECCANCE
983,RSSOFTWARE
984,GANDHITUBE
985,FOODSIN
986,DHANBANK
987,V2RETAIL
988,BRNL
989,JETAIRWAYS
990,HUHTAMAKI
991,REMSONSIND
992,HONDAPOWER
993,AGARIND
994,ROHITFERRO
995,AVTNPL
996,PGIL
997,CANTABIL
998,DIGJAMLTD
999,NIPPOBATRY
1000,VISHNU
1001,BALPHARMA
1002,SMCGLOBAL
1003,OMAXE
1004,JITFINFRA
1005,DVL
1006,MARATHON
1007,KANPRPLA
1008,ARSHIYA
1009,BEARDSELL
1010,ZODIACLOTH
1011,WANBURY
1012,MANGALAM
1013,MAN50ETF
1014,LAKPRE
1015,ARSSINFRA
1016,TNTELE
1017,SPLIL
1018,KSL
1019,SETCO
1020,WATERBASE
1021,JTEKTINDIA
1022,SANDHAR
1023,INDNIPPON
1024,CELEBRITY
1025,SANDESH
1026,KIRLOSIND
1027,ELNET
1028,SIMBHALS
1029,LICNFNHGP
1030,INDSWFTLAB
1031,PENINLAND
1032,PREMIER
1033,FELDVR
1034,BBOX
1035,ANSALAPI
1036,ASHIANA
1037,JAGRAN
1038,MRO-TEK
1039,SCHAND
1040,IFGLEXPOR
1041,BFINVEST
1042,ARROWGREEN
1043,SHREERAMA
1044,KOTAKNIFTY
1045,MIDHANI
1046,HAVISHA
1047,DHARSUGAR
1048,ITDC
1049,TDPOWERSYS
1050,HARRMALAYA
1051,ICICIB22
1052,DGCONTENT
1053,UCALFUEL
1054,SHREYANIND
1055,SYMPHONY
1056,VISHAL
1057,ATFL
1058,ORIENTHOT
1059,BROOKS
1060,SRHHYPOLTD
1061,MOHITIND
1062,BIRLAMONEY
1063,RML
1064,SMLT
1065,ADL
1066,JINDRILL
1067,EIMCOELECO
1068,TANTIACONS
1069,CCHHL
1070,ARMANFIN
1071,KANORICHEM
1072,MUKANDLTD
1073,PRESSMN
1074,IFBIND
1075,KAYA
1076,IMAGICAA
1077,RAJSREESUG
1078,GET&D
1079,PAISALO
1080,CHEMBOND
1081,RANEENGINE
1082,ASAHISONG
1083,MUNJALSHOW
1084,RVHL
1085,INDOTECH
1086,DEEPENR
1087,TNPL
1088,TMRVL
1089,TARAPUR
1090,BIOFILCHEM
1091,PEARLPOLY
1092,GOKULAGRO
1093,KIRLOSBROS
1094,KAKATCEM
1095,MAANALU
1096,SHANTIGEAR
1097,GINNIFILA
1098,CORDSCABLE
1099,NILKAMAL
1100,UNIVCABLES
1101,CHOLAHLDNG
1102,WEIZMANIND
1103,CANDC
1104,LIBERTSHOE
1105,SELAN
1106,HERCULES
1107,AKZOINDIA
1108,GSCLCEMENT
1109,RMCL
1110,WESTLIFE
1111,SIMPLEXINF
1112,JSWHL
1113,THOMASCOTT
1114,BEDMUTHA
1115,KESARENT
1116,AYMSYNTEX
1117,PRAXIS
1118,ARIES
1119,RANEHOLDIN
1120,CERA
1121,JETFREIGHT
1122,UMESLTD
1123,SIL
1124,HLVLTD
1125,SANWARIA
1126,METALFORGE
1127,LINC
1128,HDFCNIFETF
1129,ICICINV20
1130,ALKALI
1131,VLSFINANCE
1132,TAINWALCHM
1133,JUMBO
1134,GULFPETRO
1135,TARMAT
1136,KAVVERITEL
1137,PRIMESECU
1138,ROSSELLIND
1139,BHARATGEAR
1140,TTL
1141,HEXATRADEX
1142,GOENKA
1143,ORIENTBELL
1144,MANUGRAPH
1145,UTINIFTETF
1146,JAIBALAJI
1147,BPL
1148,IVP
1149,SUMMITSEC
1150,HINDNATGLS
1151,ANIKINDS
1152,ORBTEXP
1153,TIIL
1154,TCIDEVELOP
1155,STEL
1156,GUJAPOLLO
1157,GICHSGFIN
1158,NATNLSTEEL
1159,RUBYMILLS
1160,PILANIINVS
1161,NITINFIRE
1162,FOSECOIND
1163,ESSARSHPNG
1164,SMLISUZU
1165,ICICINXT50
1166,5PAISA
1167,DIGISPICE
1168,ROHLTD
1169,FMNL
1170,GALLISPAT
1171,SUPERHOUSE
1172,ARCHIES
1173,GOCLCORP
1174,GOLDENTOBC
1175,CINELINE
1176,BSL
1177,JISLDVREQS
1178,SEYAIND
1179,KTIL
1180,VICEROY
1181,SPECIALITY
1182,DBSTOCKBRO
1183,ANMOL
1184,EMMBI
1185,DELTAMAGNT
1186,NATHBIOGEN
1187,DELPHIFX
1188,VADILALIND
1189,KOTAKPSUBK
1190,KARMAENG
1191,TCPLPACK
1192,ANDHRAPAP
1193,DHUNINV
1194,LYPSAGEMS
1195,BANARBEADS
1196,INDSWFTLTD
1197,PIONDIST
1198,PFOCUS
1199,3PLAND
1200,DENORA
1201,IRIS
1202,SESHAPAPER
1203,VSTTILLERS
1204,MOTOGENFIN
1205,DONEAR
1206,CORALFINAC
1207,KICL
1208,ICICIBANKP
1209,DODLA
1210,ICICILOVOL
1211,CAREERP
1212,FLEXITUFF
1213,BVCL
1214,TRF
1215,MADRASFERT
1216,SUPREMEINF
1217,SEAMECLTD
1218,ARCHIDPLY
1219,MAHEPC
1220,SMSLIFE
1221,STARCEMENT
1222,SBC
1223,SHARIABEES
1224,VARDMNPOLY
1225,HMT
1226,HITECH
1227,AUTOIND
1228,SHEMAROO
1229,TECHIN
1230,TGBHOTELS
1231,ICICINF100
1232,KAMATHOTEL
1233,YUKEN
1234,VHL
1235,SORILINFRA
1236,GPTINFRA
1237,AGRITECH
1238,ALMONDZ
1239,OILCOUNTUB
1240,SILINV
1241,MANGTIMBER
1242,CINEVISTA
1243,ASTRON
1244,MOM100
1245,SETFNIFBK
1246,DICIND
1247,CREATIVE
1248,EIHAHOTELS
1249,KOTHARIPRO
1250,IWEL
1251,INDBANK
1252,ORIENTLTD
1253,CLEDUCATE
1254,ASIANHOTNR
1255,TCIFINANCE
1256,ICICIMCAP
1257,MAHASTEEL
1258,CUPID
1259,RUCHIRA
1260,WENDT
1261,STEELCAS
1262,HILTON
1263,STERTOOLS
1264,NIBL
1265,VESUVIUS
1266,MUKTAARTS
1267,ZENITHEXPO
1268,KAUSHALYA
1269,RATNAMANI
1270,JAYBARMARU
1271,OMKARCHEM
1272,CYBERMEDIA
1273,AHLEAST
1274,ICDSLTD
1275,NAGREEKEXP
1276,KALYANIFRG
1277,KREBSBIO
1278,ARIHANT
1279,MAHAPEXLTD
1280,GTNTEX
1281,AXISTECETF
1282,MAGNUM
1283,MODIRUBBER
1284,AMJLAND
1285,NSIL
1286,PATSPINLTD
1287,APLAB
1288,WILLAMAGOR
1289,DRCSYSTEMS
1290,TIL
1291,THEINVEST
1292,ATLANTA
1293,ICICI500
1294,ICRA
1295,BANG
1296,REVATHI
1297,WORTH
1298,UTINEXT50
1299,ICICISENSX
1300,SREEL
1301,ZODJRDMKJ
1302,ADORWELD
1303,UTIBANKETF
1304,WELINV
1305,HINDCOMPOS
1306,CREATIVEYE
1307,TIJARIA
1308,RADIOCITY
1309,MADHAV
1310,JAINSTUDIO
1311,RADAAN
1312,PPAP
1313,CUBEXTUB
1314,TIMESGTY
1315,NETFNIF100
1316,TREEHOUSE
1317,CREST
1318,OMAXAUTO
1319,UTISENSETF
1320,BALKRISHNA
1321,ENIL
1322,ORTEL
1323,INCREDIBLE
1324,ARENTERP
1325,SUNDRMBRAK
1326,ADROITINFO
1327,PBAINFRA
1328,UTISXN50
1329,DCMFINSERV
1330,TFL
1331,ADVANIHOTR
1332,KHANDSE
1333,LICNETFN50
1334,KHAITANLTD
1335,BHAGCHEM
1336,AICHAMP
1337,ICICIM150
1338,DNAMEDIA
1339,ABSLNN50ET
1340,GEECEE
1341,REPRO
1342,VISESHINFO
1343,CCCL
1344,S&SPOWER
1345,INFRABEES
1346,ABSLBANETF
